Ethnicity_x,accuracy,f1
Not Hispanic,0.4029017857142857,0.3747639862016236
Hispanic,0.47560975609756095,0.4337197381668413
