Race,Accuracy,F1
Caucasian,0.41939890710382516,0.3983567185736449
African American,0.4268292682926829,0.3886720327819821
Asian,0.32926829268292684,0.2536815244537782
