Age_Group,accuracy,f1
Middle,0.3868312757201646,0.35879568423192526
Youth,0.4329268292682927,0.4018858069925455
Adult,0.4634146341463415,0.4521102808271419
