Sex,Accuracy,F1
Female,0.4506172839506173,0.4304755536344867
Male,0.3832752613240418,0.3409619901990833
