Group_col,Disparity_gap_accuracy,N_groups
Sex,0.06734202262657546,2
Race,0.09756097560975607,3
Age,0.15853658536585363,11
Ethnicity,0.07270797038327526,2
demo,0.1463414634146341,5
