{
  "train_loss": [
    1.5437240574621363,
    1.470669471812148,
    1.435990267962411,
    1.4168168129153866,
    1.3941880898207801
  ],
  "train_acc": [
    0.3668322506687046,
    0.4132594573939625,
    0.4218570882690103,
    0.4335116545662973,
    0.4407718761941154
  ],
  "val_loss": [
    1.4830187509284203,
    1.4114407454633546,
    1.441864978976366,
    1.3403581031938878,
    1.3712241790851234
  ],
  "val_acc": [
    0.40505226480836237,
    0.4381533101045296,
    0.40331010452961674,
    0.4642857142857143,
    0.4346689895470383
  ]
}